{"cameraMode":{"drawMode":0,"name":"Shaded","section":"Shading Mode"},"sceneLighting":true,"audioPlay":false,"sceneViewState":{"showFog":true,"showMaterialUpdate":false,"showSkybox":true,"showFlares":true,"showImageEffects":true,"showParticleSystems":true},"in2DMode":false,"pivot":{"x":-4.516486167907715,"y":3.4827828407287599,"z":-5.208398342132568},"rotation":{"x":-0.0062906332314014439,"y":-0.9680588841438294,"z":0.24956835806369782,"w":-0.024408945813775064},"size":66.05718231201172,"orthographic":false}