{"cameraMode":{"drawMode":0,"name":"Shaded","section":"Shading Mode"},"sceneLighting":true,"audioPlay":false,"sceneViewState":{"showFog":true,"showMaterialUpdate":false,"showSkybox":true,"showFlares":true,"showImageEffects":true,"showParticleSystems":true},"in2DMode":false,"pivot":{"x":0.12019634246826172,"y":9.5367431640625e-7,"z":0.0384521484375},"rotation":{"x":0.023079080507159234,"y":0.9768931865692139,"z":-0.14645373821258546,"w":0.15394486486911775},"size":22.0,"orthographic":false}