{"cameraMode":{"drawMode":0,"name":"Shaded","section":"Shading Mode"},"sceneLighting":false,"audioPlay":false,"sceneViewState":{"showFog":true,"showMaterialUpdate":true,"showSkybox":false,"showFlares":true,"showImageEffects":true,"showParticleSystems":true},"in2DMode":false,"pivot":{"x":-1.6916837692260743,"y":2.269690990447998,"z":-7.117167949676514},"rotation":{"x":-0.009237758815288544,"y":0.9819839000701904,"z":-0.1820507049560547,"w":-0.04982869699597359},"size":8.700769424438477,"orthographic":false}