{"cameraMode":{"drawMode":0,"name":"Shaded","section":"Shading Mode"},"sceneLighting":false,"audioPlay":false,"sceneViewState":{"showFog":true,"showMaterialUpdate":true,"showSkybox":false,"showFlares":true,"showImageEffects":true,"showParticleSystems":true},"in2DMode":false,"pivot":{"x":0.3408275842666626,"y":0.9246382713317871,"z":2.875044345855713},"rotation":{"x":0.18349121510982514,"y":0.8093238472938538,"z":-0.33013635873794558,"w":0.4498404860496521},"size":6.476809501647949,"orthographic":false}