{"cameraMode":{"drawMode":0,"name":"Shaded","section":"Shading Mode"},"sceneLighting":true,"audioPlay":false,"sceneViewState":{"showFog":true,"showMaterialUpdate":true,"showSkybox":true,"showFlares":true,"showImageEffects":true,"showParticleSystems":true},"in2DMode":false,"pivot":{"x":0.2028006762266159,"y":9.899999618530274,"z":5.099999904632568},"rotation":{"x":0.0008544882293790579,"y":0.9952232837677002,"z":-0.09765279293060303,"w":0.008943094871938229},"size":22.0,"orthographic":false}